{"cameraMode":{"drawMode":0,"name":"Shaded","section":"Shading Mode"},"sceneLighting":true,"audioPlay":false,"sceneViewState":{"m_AlwaysRefresh":false,"showFog":true,"showSkybox":true,"showFlares":true,"showImageEffects":true,"showParticleSystems":true,"showVisualEffectGraphs":true,"m_FxEnabled":true},"in2DMode":false,"pivot":{"x":21.438737869262697,"y":3.7171149253845217,"z":5.502101421356201},"rotation":{"x":0.14188580214977265,"y":0.043043412268161777,"z":-0.006205753888934851,"w":0.9889478087425232},"size":100.3792953491211,"orthographic":false}